problem,method,size,nb_samples,pf_mean,pf_ref,pf_std,pf_ic_low,pf_ic_up,pfs
Parabolic,BANCS,300,1200.0,0.00010243369830918225,0.0001315399999999369,3.4040498127888634e-05,9.565435229382656e-05,0.00010894826318318556,"[0.00010764420539967616, 9.283658586569895e-05, 0.00013404685246017065, 7.920157942020306e-05, 0.00012400401792085129, 0.00011523298147673623, 8.832354169242235e-05, 5.3446310218093146e-05, 0.00011600972323217831, 9.358095222602051e-05, 0.00010637677086046156, 7.980476825024029e-05, 0.00010260744730150595, 0.00011546784402306049, 0.00010801286267642221, 8.747721965388073e-05, 8.051308121076394e-05, 7.29681109545006e-05, 0.00012842564731444076, 9.135783389466774e-05, 6.384838052967682e-05, 0.00010740626871396304, 0.0001439176328975198, 9.246783470173855e-05, 9.008827178710008e-05, 8.844471435816492e-05, 0.00012563557360062593, 9.984392995878337e-05, 0.00015125052655054486, 9.598057750430742e-05, 0.00014298423998159067, 0.0001075967294521978, 1.1391599266748519e-05, 0.00013803944229885505, 0.0001672743368000719, 9.743823778940379e-05, 9.037872532056127e-05, 8.504454444362605e-05, 0.0001067228510918596, 8.209706995614019e-05, 5.4766946626999e-05, 4.7814793633208413e-05, 9.926798004932189e-05, 0.00010388020704193195, 7.391711490834776e-05, 7.011980959349876e-05, 0.00014938211885796006, 4.448781975102404e-05, 0.00013552615414481049, 0.00013917484455969252, 7.445896041546158e-05, 0.00011102944969027547, 9.015895758548832e-05, 0.00014446113684001105, 0.00014162826489379305, 0.00010060378137777952, 0.0001700626250453978, 1.901742908472406e-05, 0.00010297243060542095, 0.00011327383895842843, 0.000151167721403139, 8.835053827615324e-05, 0.00012616784786014868, 0.00016509668972983262, 0.00012835069094684816, 0.00016074755841820147, 3.167947860624857e-05, 0.00011072585244177225, 0.00014209266166513232, 0.00014925509418478895, 4.685591416799164e-05, 0.00012012954584628297, 4.0318401109621716e-05, 2.5931987925619152e-05, 9.909714673488598e-05, 7.091557617687637e-05, 0.00010411347635517629, 0.00013528434131212955, 4.661319281379548e-05, 6.417302986649981e-05, 8.595020522352371e-05, 0.00010795389152399542, 8.517111612221578e-05, 9.910940625003736e-05, 0.00011511572784115418, 0.00013501243337043708, 0.00012012322391920565, 9.196858588962169e-05, 7.985188883376289e-05, 7.422586824395528e-05, 0.00018388848451091216, 0.00010719565424064903, 0.0001322309995152174, 0.00011156772055302858, 0.00011385103679958111, 6.625130259600792e-05, 0.00011418074648843414, 0.0001218313661467746, 0.00011525016370753297, 0.00012437877658198328]"
Parabolic,BANCS,500,2000.0,0.0001495413850910309,0.0001315399999999369,0.0002833260364763268,0.00012003601560071287,0.0002916897759697387,"[0.00011333295146960801, 0.00011208792647074512, 0.00012269960153842588, 0.0001157259612901362, 0.00011288876140369268, 0.00011187931790003052, 9.483163707038172e-05, 0.00012191143153278069, 0.00010357897199501406, 0.00012565218823180134, 9.353533452859251e-05, 0.00012169641101285061, 0.00014889995457806582, 0.00016217000506811376, 0.00010556328481786167, 7.848063361884445e-05, 0.0001262885765926531, 0.00011202972512830759, 0.00019878163432384484, 0.0001226937298977138, 9.960211264325078e-05, 0.00013502723661034576, 0.0001302929878343561, 0.0001328120864913188, 9.69910303373416e-05, 0.0001331931439206948, 0.00010385318148541214, 0.00011582717012226056, 0.00011459721021111991, 9.8020238528356e-05, 0.00012143049755619456, 0.00010039409760395236, 0.00014952028666735578, 0.0001258467057366992, 0.00011647592828379986, 0.00012613341915183277, 0.0001151782197888608, 9.70501295273157e-05, 0.0001249126453032161, 0.00011900578448435149, 0.00010674244954054184, 0.00016658500434184236, 0.00012596608059739245, 0.00013167331516715283, 0.00010322181751492883, 0.00013787339668496187, 0.0001219406475301352, 0.00011476352104754556, 0.00011045786978552002, 0.00011966082835294613, 0.00010707080258067898, 0.00012942738676319582, 0.000118606471107897, 0.00017935132400649233, 0.00014735256377719017, 0.00010074234414475525, 0.00013320979633691543, 0.00012511764587037072, 0.00012132301983727899, 0.00012207680276079378, 0.00013487628861290408, 0.0001210353627969499, 0.0001491630360313665, 0.00013179912736621744, 0.00013461211866264177, 0.00012063994593260574, 0.00013196737537531314, 0.00010684504690076669, 0.00014665602445711447, 0.00012318539958901318, 0.00012636303315411657, 0.00012726035810830963, 0.000133991910304024, 9.562523622415655e-05, 0.00012427609171962025, 9.61263700667703e-05, 9.940168054799242e-05, 0.00014941380456740992, 8.750403082146819e-05, 0.00012029386353864346, 0.00012684579518819155, 0.00011575151057226526, 0.00012850071840213884, 9.726048592787358e-05, 0.00013400600607713816, 0.00011800528842286669, 0.0029624655502444616, 9.869018783889664e-05, 9.85477492895983e-05, 0.000134325180212772, 0.00013130415726608696, 0.00013450670519314504, 0.0001034566104333664, 0.0001290208745093886, 0.00012304704830205733, 0.00011047614850980766, 0.00012494022329556632, 0.00012800269155933164, 0.00010267598198739975, 0.00010721825258729861]"
Parabolic,BANCS,700,2800.0,0.00012837809262917623,0.0001315399999999369,8.017495929380639e-05,0.00011942743058360334,0.00016376149339532577,"[0.0001284938736477586, 0.00011317341034768267, 0.0001225264420040757, 0.00011361113500622276, 0.00010003431828777966, 0.0001232466312353276, 0.00011294392518412963, 0.00010930794349062536, 9.938124692297537e-05, 0.00011791306085102948, 0.00011597667882860618, 0.00011632845581172546, 8.321863129628309e-05, 0.00011562785252090124, 0.00010951123414035297, 0.00012357444805520052, 0.00010794815612904085, 0.00011151297957266887, 0.0009076908246023992, 0.0001044556897050088, 0.00014206276462444547, 0.00012609290205198905, 0.00012189203824956888, 0.0001003654064966883, 0.00013371241459736853, 0.0001363834347148919, 0.00011512331357464077, 0.00012424807781127113, 0.00012142926292132967, 0.00011656656527396225, 0.00011318841592074381, 0.00011865682828438937, 0.00014581939022009782, 0.00012734955705734444, 0.00014990417821058504, 0.0001238983917063008, 0.00011953928837172814, 0.00010971474373964484, 0.00011681388884113432, 9.113333053997114e-05, 0.00011162632349130879, 0.00012840971994845202, 0.0001515794382018173, 0.00012216426895431497, 0.00019788599553396418, 0.00012658668459543916, 0.0001146375244831084, 0.00012900468173978274, 0.00013605733503703853, 0.00010386622656995755, 0.00011805097052424639, 0.0001196078088825595, 0.00011734130545702817, 0.0001530612636969183, 0.0001303627729883885, 0.00010719120126202262, 0.00017663234601540562, 0.00013860319819779203, 0.00011976419977849113, 0.0001163991622365257, 0.00012329988416101683, 0.0001178242824138537, 0.00016458849447542476, 0.00011289667941378714, 0.00011769020847705575, 0.00012632282237224474, 0.00011947673882795614, 0.00011585713013087232, 0.00010539503834522037, 0.00014008906751341988, 9.511744081785961e-05, 0.00012096962208361556, 0.00012671523592630224, 8.496411582053797e-05, 0.0001266817780807883, 0.0001133301897538946, 0.00013701623354712161, 0.00013026146117266262, 9.93095282896184e-05, 0.00010700663371051108, 0.00010220638054454433, 0.00011329893201576301, 0.00013140208861896088, 0.00011331264725615717, 0.00011667632160827075, 0.0001334291542831059, 0.00013203951210400368, 8.067490327795736e-05, 0.00010224841379955829, 0.0001337261040009111, 0.00012140044726182971, 0.00010937662384483829, 0.00010966516971082779, 0.00013552049518176376, 0.00011605419338045138, 0.0001242951563505557, 0.00011516737368898724, 0.00010875500950888684, 0.00011722091414603492, 0.00012732327855800155]"
Parabolic,BANCS,1000,4000.0,0.00013641172083232159,0.0001315399999999369,0.00010810668229854322,0.0001247345025246474,0.00018046073499307732,"[0.00012820416590269, 0.00012386597794194316, 0.00012901799563029985, 0.00012026707925939364, 0.0001118145091794393, 0.0001296957048612206, 0.00012467428012762847, 0.00013014951599699527, 0.00013868917181770256, 0.00012881591997511923, 0.00010042936753293872, 0.0001224970759031015, 0.0001192237731688282, 0.0001176546397007851, 0.00012949681137361445, 0.00011013879922045098, 0.00012876422274578483, 9.932143497360396e-05, 0.00014211510441183237, 0.00010218856403461183, 0.0001307803419285839, 0.00012581212874687535, 0.00012179645072504153, 0.00011941489773741184, 0.00012532769822478913, 0.0001284541457501475, 0.00013139360792382483, 0.00012415846197557693, 0.00012117093205006829, 0.00011154384639794937, 0.00010782254749183052, 0.00013626438041719474, 0.00014663701884342587, 0.000122503439770576, 0.00013450671200085468, 0.00012855700192043826, 0.00012881401439636, 0.00013414459435913382, 0.0001276301431353585, 0.0001210117099651923, 0.00011266760535439829, 0.00013941607957807453, 0.00018519789432137768, 0.00011313374944284862, 0.0001741291376852028, 0.00012070886889340851, 0.00014642253720960054, 0.00012608024577989924, 0.00011048159851941314, 0.0001547361029053823, 0.00012792972575215834, 0.0001181821242982532, 0.00012810456241883539, 0.00014058742387742357, 0.00012928644195144107, 0.00011415790609650719, 0.00015152658978804173, 0.00012812537558585545, 0.00012750969296724775, 0.00012885618952856992, 0.00012398649552567293, 0.0001154260109520785, 0.00013837420529978122, 0.00011604637460482153, 0.00013006890131957022, 0.00012449714267384325, 0.0001268106045180124, 0.00010159166358473046, 0.00010299478905944362, 0.0001260237988731167, 0.00012234026975017318, 0.00011643004749112615, 0.00011605119007968417, 0.0001282165536063397, 0.00011900389720229027, 0.00012442019091624186, 0.00011627479334388751, 0.00012623564074479702, 0.00010696825891667607, 0.00013514321938365654, 0.00011896568304058129, 0.00011351302200998476, 0.00010954463573318973, 0.00012873269466441285, 0.0001089645972199909, 0.00015254449539981485, 0.0012034802857090261, 0.00013419241636579215, 0.00011475912300436721, 0.00012834277797293356, 0.00011284320061867412, 0.00011943663573147382, 0.00012803483820954833, 0.00013276460149038138, 0.000142096571193948, 0.0001344319709356399, 0.00013253402581145761, 0.00013738647391519255, 0.00010581829399301154, 0.00012387365289423627]"
Parabolic,BANCS,2000,8000.0,0.00012901875502222435,0.0001315399999999369,9.864575231511084e-06,0.0001277161108611756,0.00013241094923531984,"[0.00012562465840613884, 0.00012843796831411982, 0.00012881831193634684, 0.000131831964629248, 0.0001316928871019269, 0.0001235190104386863, 0.00013346059355816655, 0.0001298405212741529, 0.00012734509985005155, 0.00012855494220774343, 0.00011909686861958484, 0.00012799369043878995, 0.00013035165230283744, 0.00013697151895279293, 0.0001266255420573804, 0.00013392456122413943, 0.00013116109000095938, 0.00012211799206142705, 0.00013387573745972625, 0.00013002814618622095, 0.00012322102172491632, 0.00012782366851371005, 0.00013091218794891656, 0.00012195887953086792, 0.00012916871313754918, 0.0001259628957875926, 0.00012921454670550872, 0.000129896414155513, 0.0001328529735401751, 0.00012946591764852704, 0.00012140423437603496, 0.00012340030389201606, 0.00012621609236876825, 0.00012375629348410392, 0.0001391939063367898, 0.00012576565694357773, 0.00013102761969979585, 0.00012903205614403756, 0.00012769980106029717, 0.00012429255324882246, 0.0001246361530544798, 0.00012911076487936648, 0.00013209710697399874, 0.00011751857871337958, 0.00011442697959797768, 0.00012870605572645014, 0.00013044546219319333, 0.00011712137436598882, 0.00012696936522032306, 0.00013837675686258823, 0.00012695816851317687, 0.00011803028960602062, 0.00012928460329829423, 0.00013510750038624747, 0.0001271229220806226, 0.00013185855576532102, 0.0001358930753255049, 0.0001329932831106249, 0.00013430314582026643, 0.00013008750765224926, 0.00012795401557899876, 0.00012156836679968527, 0.00013340225996818, 0.00012813409553405033, 0.0001302876838763816, 0.0001257971987779277, 0.00012709836095266185, 0.0001171942701361884, 0.00012832351697920536, 0.00012987582816144648, 0.0001288398957535523, 0.0001306008287988657, 0.00013524870787676808, 0.00012281085734626858, 0.0001291741225261803, 0.00012812543532399214, 0.00011917692900465848, 0.0001274070572868871, 0.00012841288840550308, 0.00012035153016055498, 0.00012289865115432653, 0.00012970878203009796, 0.0001255852781351497, 0.00012831014298878894, 0.00013213502552688098, 0.00013185254669816746, 0.00021380216707075024, 0.0001448656102506239, 0.0001278381730550884, 0.00012501406392976408, 0.00012718716733422925, 0.000133413268036927, 0.000128150555774545, 0.000126435067284205, 0.00013145709897107832, 0.00012809794578214526, 0.00012805507444512738, 0.00012961710012648312, 0.00012111336887307043, 0.00013196842309299645]"
Parabolic,BANCS,5000,20000.0,0.00013054628474990228,0.0001315399999999369,2.5987835188161977e-06,0.0001300606840998127,0.00013107394248509455,"[0.00013221990064739275, 0.00013215216122751237, 0.00013415917549818165, 0.00013081729370121293, 0.00013142946706576694, 0.0001278013232638268, 0.00012808270275059734, 0.00013204093864477683, 0.00013025745511972085, 0.00012822421958596565, 0.00012699244456038553, 0.0001281288478648957, 0.00012716942553485838, 0.00013033562858979112, 0.00013311070495159282, 0.0001352359235353873, 0.0001307579121569208, 0.00013788687989839022, 0.00013268831697662268, 0.0001296578712678695, 0.00013307088846078015, 0.00013318948602880894, 0.00012933613001703807, 0.00013255430259771162, 0.0001292473043936847, 0.00013208019578785739, 0.0001238842476667954, 0.00013110219120342657, 0.00013380554603026495, 0.0001307296031911358, 0.0001320274435766472, 0.00012539153824447826, 0.00012973628529864049, 0.0001280611473740408, 0.00013242849022651295, 0.00012912366486978884, 0.0001302005823051698, 0.00013273755933220903, 0.00012933720567177265, 0.00013023807419287826, 0.00013088043722595053, 0.00012852763380533666, 0.00013116071670707022, 0.00012732536377585405, 0.0001276585923681251, 0.00012786021953005604, 0.00012890701360705338, 0.0001306363714296337, 0.00013777846123455727, 0.00013771933075183473, 0.00013117938272841898, 0.00012753262365880106, 0.0001309097074109224, 0.0001313389842148144, 0.0001328036647101818, 0.00013074920032575172, 0.00013236771585211867, 0.00012887768003084908, 0.0001302033779364149, 0.00012840432165684473, 0.00012834713195354643, 0.00013376948421898788, 0.0001318789144447233, 0.0001329449725940207, 0.00013127910843430723, 0.00012971018342260594, 0.0001283184197716685, 0.00012826791435897124, 0.0001299844537025783, 0.0001291109027195108, 0.00012881922315251737, 0.00013272596276514375, 0.0001369513307065714, 0.0001324084753772571, 0.00013104477802212302, 0.00012881179115515744, 0.00012765374237081554, 0.00013197159810095246, 0.00012714260479474454, 0.00012752480070587935, 0.00013137220296631657, 0.00013047439643300215, 0.00013295096369333898, 0.0001231288764620227, 0.00013023024964222535, 0.0001317940996069069, 0.00013329213539003439, 0.0001303688881919409, 0.00012831079388950304, 0.00013068363523987734, 0.0001322936837850624, 0.00013090067623572517, 0.00012745181649496162, 0.00012772828396927504, 0.00013103880965204256, 0.0001303145615707304, 0.00013149400445881617, 0.00013271490982756559, 0.00013015777331516694, 0.00012901064312173006]"
Parabolic,SS,300,1200.0,0.0001420909296296297,0.0001315399999999369,9.661876659688686e-05,0.00012497118192633788,0.00016305505486159493,"[4.8566666666666725e-05, 5.834888888888891e-05, 0.00013333333333333342, 0.00017666666666666666, 0.00013666666666666658, 8.833333333333341e-05, 0.0002, 0.0002000000000000002, 9.400000000000002e-05, 0.00019000000000000023, 6.528000000000012e-05, 5.373333333333338e-05, 0.00016999999999999993, 5.5333333333333334e-05, 0.00016188888888888896, 5.373333333333341e-05, 0.00012000000000000006, 0.0002633333333333333, 0.00012666666666666672, 9.635555555555567e-05, 0.00020333333333333336, 0.00013666666666666685, 0.00010161111111111116, 9.666666666666673e-05, 0.00033666666666666675, 0.00023666666666666676, 9.432037037037028e-05, 0.00021000000000000023, 3.3755555555555604e-05, 0.00016000000000000018, 5.98874074074075e-05, 7.784444444444443e-05, 3.2333333333333324e-05, 8.752333333333338e-05, 5.92444444444445e-05, 5.048888888888891e-05, 0.0001033333333333334, 0.0001266666666666667, 7.233333333333331e-05, 7.266666666666667e-05, 0.00012000000000000004, 0.00011999999999999998, 0.0002433333333333333, 0.0002100000000000003, 0.0002686666666666667, 0.0001300000000000001, 4.533333333333335e-05, 0.00040333333333333345, 0.00013000000000000002, 0.00018333333333333358, 7.23333333333333e-05, 7.111111111111113e-05, 0.00020666666666666668, 0.00023000000000000017, 0.00013333333333333337, 0.00012666666666666672, 8.99000000000001e-05, 0.00010000000000000009, 3.3066666666666666e-05, 0.00026177777777777793, 7.336666666666666e-05, 5.6488888888888946e-05, 0.00042333333333333334, 0.00018666666666666693, 7.433333333333341e-05, 0.00024333333333333328, 0.0002833333333333336, 9.066666666666672e-05, 0.00017000000000000007, 9.566666666666676e-05, 7.56666666666667e-05, 0.00020666666666666663, 0.00020666666666666687, 0.0001633333333333335, 4.033333333333332e-05, 0.0003033333333333337, 7.333333333333336e-05, 0.00017333333333333336, 0.00015844444444444453, 8.900000000000009e-05, 9.466666666666671e-05, 2.500000000000003e-05, 8.699999999999999e-05, 0.0003266666666666669, 9.466666666666659e-05, 0.00018999999999999993, 0.00014122222222222227, 0.00013594074074074086, 0.0003099999999999996, 9.851111111111118e-05, 0.00012000000000000015, 1.9288888888888882e-05, 7.233333333333336e-05, 5.6592222222222275e-05, 3.306666666666673e-05, 0.0005733333333333339, 0.00036333333333333324, 8.106666666666674e-05, 6.933333333333341e-05, 0.00010666666666666672]"
Parabolic,SS,500,2000.0,0.00014668064880000008,0.0001315399999999369,6.914456509891207e-05,0.00013474585364608277,0.00016186335558383496,"[0.00011832000000000002, 0.00019199999999999998, 0.000124, 0.00028000000000000003, 7.078800000000004e-05, 0.00012600000000000003, 9.080000000000005e-05, 0.00011000000000000009, 0.00020200000000000014, 0.00011800000000000016, 9.588000000000008e-05, 0.00012599999999999984, 6.26e-05, 3.52e-05, 0.00010199999999999999, 0.0002662400000000006, 7.629600000000008e-05, 0.00015000000000000004, 3.039599999999999e-05, 0.00014280000000000008, 0.00021200000000000008, 0.00015599999999999997, 0.0004596800000000004, 0.00012648000000000008, 0.00019600000000000013, 0.000188, 4.040000000000007e-05, 0.00013000000000000018, 7.508800000000001e-05, 0.00015503999999999995, 0.0002828800000000002, 0.00013800000000000007, 0.0002020000000000002, 0.00010200000000000015, 0.00012895999999999999, 6.299999999999996e-05, 0.0002260000000000004, 6.58e-05, 0.00010200000000000004, 9.699999999999999e-05, 0.00011999999999999998, 0.0002639999999999999, 0.00011000000000000004, 0.00017800000000000013, 0.00020000000000000012, 0.0002460000000000001, 0.00016199999999999993, 0.00019400000000000003, 0.00029800000000000036, 0.00013936000000000008, 0.00012895999999999988, 0.00017000000000000036, 0.0001260000000000002, 0.00010404, 0.00011800000000000012, 0.00010200000000000016, 0.000152, 7.200000000000003e-05, 0.00015912, 0.00010600000000000007, 0.0001917600000000001, 0.00014600000000000005, 0.00014199999999999993, 0.0001206399999999999, 0.00014076, 6.700000000000012e-05, 0.0003820000000000003, 0.00024400000000000016, 9.800567999999999e-05, 0.00021000000000000004, 0.00013, 9.980000000000004e-05, 0.0002040000000000003, 7.038000000000004e-05, 0.00014800000000000007, 0.00013000000000000004, 0.0002101608000000001, 0.00011832000000000015, 0.0001320000000000001, 9.279999999999999e-05, 0.00010800000000000005, 7.956000000000002e-05, 0.00011200000000000007, 8.649600000000007e-05, 0.00010000000000000002, 0.00012400000000000003, 0.0001660000000000001, 0.00014400000000000017, 0.00010812000000000012, 0.000144, 0.0002080000000000001, 0.0001600000000000001, 0.0001081200000000001, 0.00011800000000000008, 0.0002220000000000001, 0.00021432239999999986, 0.00023459999999999977, 0.00014599999999999992, 9.649200000000006e-05, 9.560000000000003e-05]"
Parabolic,SS,700,2800.0,0.00013261929679300293,0.0001315399999999369,5.482962642640223e-05,0.00012270901855663668,0.00014424177002403632,"[0.0001228571428571429, 0.00012285714285714273, 9.285061224489791e-05, 0.00012857142857142847, 0.00012999999999999996, 0.0001357142857142856, 0.00025000000000000006, 6.514285714285708e-05, 0.00010571428571428564, 7.925918367346936e-05, 0.0001414285714285716, 8.471428571428555e-05, 9.925510204081632e-05, 7.215918367346917e-05, 6.0000000000000015e-05, 0.00020285714285714308, 9.414285714285717e-05, 0.00017428571428571436, 0.00018571428571428564, 0.00012817259475218673, 0.00018142857142857164, 0.00018285714285714276, 0.00022142857142857166, 0.00016428571428571463, 0.00014285714285714317, 0.0001985714285714289, 7.357142857142861e-05, 0.00019851020408163266, 0.00011012244897959187, 0.00018285714285714303, 0.00029093877551020377, 0.00011571428571428582, 0.00016017434402332387, 7.925918367346941e-05, 0.00015428571428571452, 4.342857142857145e-05, 7.542857142857146e-05, 7.871428571428572e-05, 8.09632653061222e-05, 0.00013521049562682195, 8.728571428571426e-05, 6.66530612244898e-05, 0.0001242857142857143, 0.00013857142857142868, 9.385714285714299e-05, 9.157142857142853e-05, 6.071020408163276e-05, 0.00011857142857142871, 0.00012428571428571423, 0.0001371428571428572, 9.228571428571432e-05, 7.568163265306119e-05, 0.000285714285714286, 9.302448979591846e-05, 0.00011999999999999996, 9.71428571428572e-05, 0.00011285714285714286, 0.00031587755102040785, 0.00022857142857142838, 9.68571428571429e-05, 0.0001521428571428575, 0.0001275102040816325, 0.0001342857142857145, 0.00015069387755102068, 0.00011428571428571427, 0.00012571428571428583, 0.00016428571428571422, 0.00010857142857142855, 0.00011012244897959169, 0.00011446938775510192, 0.00010857142857142855, 0.0001042857142857144, 0.000215714285714286, 7.914285714285712e-05, 8.371428571428573e-05, 0.00015648979591836726, 0.00010577551020408155, 9.071428571428575e-05, 0.0002830612244897959, 0.00010428571428571438, 8.346122448979593e-05, 0.00010857142857142839, 9.141405247813413e-05, 0.0001742857142857141, 0.0001085714285714285, 0.00022571428571428588, 0.0001399999999999999, 0.00014779591836734725, 9.066472303206982e-05, 0.0001557142857142856, 0.00022857142857142878, 8.360612244897973e-05, 8.699999999999993e-05, 0.000147142857142857, 0.00016285714285714276, 0.0002057142857142857, 9.345918367346949e-05, 0.00016373469387755105, 0.00014200000000000004, 8.056326530612248e-05]"
Parabolic,SS,1000,4000.0,0.00013514718356700005,0.0001315399999999369,5.089091454590627e-05,0.00012586450542740829,0.00014587426907336907,"[0.0001590000000000003, 0.00015250999999999988, 0.00013600000000000013, 0.00018800000000000018, 9.470000000000005e-05, 9.799999999999997e-05, 7.880000000000007e-05, 0.00012726000000000021, 8.564800000000004e-05, 0.00012524000000000007, 0.00020999999999999998, 7.1407e-05, 5.6055000000000045e-05, 0.0001300000000000003, 0.00022927000000000006, 0.00012200000000000004, 0.00018100000000000006, 0.00010302, 0.0001209999999999998, 0.0002880000000000003, 0.00016261000000000004, 0.00013300000000000012, 0.00013533999999999985, 0.00013500000000000006, 0.00015900000000000034, 0.00015700000000000013, 0.00011600000000000007, 0.0001569999999999999, 8.970000000000003e-05, 0.00010507030000000003, 0.00016999999999999988, 0.0001860000000000001, 0.0001690000000000003, 7.342700000000001e-05, 0.00015453000000000003, 8.890000000000003e-05, 8.370000000000008e-05, 9.379999999999999e-05, 0.00015500000000000008, 0.00012400000000000003, 0.00012399999999999995, 0.00010799999999999998, 0.0001420000000000003, 0.00019800000000000002, 0.00012524000000000015, 9.413200000000007e-05, 0.00010300000000000002, 0.00022800000000000004, 9.98890000000001e-05, 9.6354e-05, 7.239343670000009e-05, 0.00022900000000000036, 0.00032499999999999977, 0.00011500000000000008, 0.000156, 0.00014900000000000002, 7.330000000000011e-05, 0.00011917999999999984, 9.690000000000012e-05, 8.95e-05, 0.0001410000000000002, 8.450000000000002e-05, 0.00010300000000000002, 6.908400000000005e-05, 0.00015999999999999985, 6.800000000000001e-05, 6.730000000000001e-05, 0.00020000000000000004, 0.00018200000000000017, 0.00022600000000000002, 8.241600000000002e-05, 9.685899999999999e-05, 0.00010300000000000013, 0.00018179999999999992, 7.18000000000001e-05, 0.00013700000000000002, 0.00019100000000000014, 0.00012600000000000014, 0.0001679999999999997, 0.00015599999999999994, 8.980000000000001e-05, 9.221704000000005e-05, 0.0001490000000000001, 0.00014200000000000023, 5.0600000000000024e-05, 0.00013900000000000015, 0.0002267854000000001, 0.00021300000000000003, 0.00013999999999999993, 0.00014299999999999984, 0.00026099999999999995, 0.00010505999999999997, 0.00010507029999999996, 0.0001219999999999997, 8.909088000000004e-05, 0.0001230000000000001, 0.00011000000000000009, 0.00014746000000000008, 0.00017100000000000014, 0.00013200000000000025]"
Parabolic,SS,2000,8000.0,0.00013905715372500006,0.0001315399999999369,3.48618170703817e-05,0.00013257733501731607,0.00014638763114372256,"[0.00010950000000000009, 0.00011550000000000014, 0.00014750000000000028, 0.0001289999999999998, 9.76694175e-05, 9.22e-05, 0.00011350000000000016, 0.000165, 0.00010029900000000004, 0.0001390000000000003, 0.00017299999999999995, 8.010000000000014e-05, 0.00013550000000000001, 0.00011600000000000008, 0.00020500000000000019, 0.00013316250000000002, 0.0001585000000000002, 0.00015929249999999996, 0.00023466750000000042, 0.000115575, 0.00015400000000000038, 0.00016311500000000043, 0.0001779999999999997, 0.00011850000000000007, 0.00010500000000000015, 0.0001260000000000001, 0.00013400000000000009, 0.0001875, 0.00011150000000000005, 0.00014200000000000014, 0.0001375000000000002, 9.900000000000003e-05, 0.00013900000000000007, 9.629999999999996e-05, 0.0001335, 0.00016549999999999998, 0.00011350000000000016, 0.00014140349999999986, 0.00016000000000000018, 0.0001635000000000002, 0.00012849999999999984, 0.00013718249999999983, 0.00012700000000000024, 0.0001025000000000003, 0.00015650000000000017, 0.00013200000000000025, 0.000164, 0.00013668000000000022, 7.301325000000005e-05, 0.00012050000000000015, 0.00015950000000000033, 0.00010452000000000008, 0.0002863349999999996, 0.00015550000000000023, 0.00018422250000000017, 0.0001490000000000001, 9.551620500000011e-05, 0.00011858999999999992, 0.0001010025000000002, 9.74500000000001e-05, 0.0001969800000000001, 0.0001420000000000001, 0.00012699999999999997, 0.00011849999999999989, 0.00010050000000000027, 0.00013950000000000027, 0.00015350000000000007, 9.605000000000006e-05, 0.00014900000000000013, 0.00018500000000000027, 0.00015728249999999994, 0.00011250000000000001, 0.00011211000000000016, 0.00021150000000000032, 0.00012099999999999985, 0.00015450000000000042, 0.0001321575000000001, 0.00013450000000000048, 0.00022600000000000013, 0.00020100000000000006, 0.00015149999999999962, 0.00010199999999999989, 0.00014500000000000043, 0.0001120000000000001, 0.00013028999999999992, 0.0001495, 0.0001474999999999997, 0.0001281375000000001, 0.0001815, 0.00014100000000000034, 0.00015225750000000032, 0.0001724999999999999, 0.00012550000000000026, 0.00012999999999999996, 7.3164e-05, 9.525000000000031e-05, 0.00015300000000000017, 0.00012699999999999992, 0.00015099999999999982, 0.00014874000000000042]"
Parabolic,SS,5000,20000.0,0.000134307524584,0.0001315399999999369,1.912088790685172e-05,0.00013066617901494508,0.00013825375816650938,"[0.00017459999999999974, 0.0001234000000000001, 0.00013500000000000054, 0.0001392779999999989, 0.0001266000000000003, 0.00011060000000000026, 0.00014040000000000078, 0.00015029999999999934, 0.00012520000000000028, 0.00010961879999999991, 0.00011539999999999938, 0.00016020000000000026, 0.00011302559999999981, 0.00013380000000000024, 0.00010979999999999985, 0.00013239999999999894, 0.00013199999999999974, 0.0001280000000000002, 0.00014940000000000005, 0.00014900000000000002, 0.00013799999999999978, 0.00015180000000000038, 0.0001392779999999999, 0.0001424000000000011, 0.00011082119999999961, 0.00012962880000000042, 0.00011140000000000017, 0.00010960000000000027, 0.00010819999999999996, 0.00011131999999999955, 0.00011983919999999979, 0.0001609999999999998, 0.00010639999999999989, 0.0001408000000000002, 0.00012139999999999982, 0.00012504959999999987, 0.0001430000000000002, 0.00013607160000000016, 0.00012023999999999997, 0.0001176348000000001, 0.00013519999999999984, 0.0001241999999999996, 0.00012460000000000016, 0.0001109999999999999, 0.0001362000000000002, 0.00011442839999999985, 0.00013359999999999972, 0.0001252499999999998, 0.00011260000000000015, 0.00011583119999999992, 0.00014599999999999973, 0.00010541039999999994, 0.00010460880000000012, 0.00012685319999999984, 0.00015461599999999984, 0.00011887407360000005, 0.00011583120000000016, 0.00010621199999999975, 0.00014319999999999952, 0.0001680000000000006, 0.00013880000000000012, 0.00013820000000000022, 0.00013359999999999932, 0.0001769532000000004, 0.00011803559999999979, 0.00018540000000000085, 0.00013439999999999982, 0.00013774934879999965, 0.00016460000000000037, 0.00014260000000000024, 0.0001408000000000003, 0.00013279999999999979, 0.00014520000000000011, 0.00016679999999999993, 0.00014640000000000058, 0.00014580000000000026, 0.00017679999999999898, 0.00013720000000000052, 9.961884000000003e-05, 0.00013480000000000016, 0.00012699999999999962, 0.00012999999999999977, 0.00014959659600000032, 0.00012359999999999983, 0.0001236000000000001, 0.00016653239999999932, 0.00012700000000000005, 0.00015080000000000104, 0.00013995759999999992, 0.0001564000000000002, 0.00012099999999999978, 0.00014859999999999993, 0.00011743440000000015, 0.0001663999999999999, 0.00011543039999999994, 0.00015170280000000028, 0.00013359999999999962, 0.00016052039999999983, 0.00012219999999999958, 0.0001783999999999997]"
Parabolic,NAIS,300,1200.0,0.00013417837518098672,0.0001315399999999369,2.3638421293170888e-05,0.00013086337679561882,0.00014124700781908658,"[0.00014564474822166364, 0.00013380659104569057, 0.00012817489655938188, 0.00013550077245599778, 0.0001280746835076591, 0.0001159563258829929, 0.0001330282190250969, 0.00012061393463356976, 0.00013998170678462913, 0.00013662287659697243, 0.00013471510091970476, 0.00013728031229924876, 0.00011931178539220281, 0.00012953484999873936, 0.00012776661784888715, 0.00012400848292194727, 0.0003190174392843368, 0.00011433244971144623, 0.0001194626184668787, 0.00010930737494632627, 0.00013134407024558068, 0.0001569995522745087, 0.00010077083093134412, 0.00012124656273920502, 0.00014199439686286125, 0.00013457312658151846, 0.00013508878811986392, 0.00011947987511070651, 0.00011759623567734095, 0.00016215583751538615, 0.0001446506201368476, 0.00011313674795052305, 0.00014387653080858426, 0.00013784343315323145, 0.00011116965324196694, 0.00013155850961111577, 0.00013553929227926568, 0.00015313619842712028, 0.00012772225630863453, 0.00011942451787355192, 0.00011953040491399491, 0.00015324200333419029, 0.00013441119998130023, 0.00010711065526430847, 0.00013462930146960158, 0.00011119518442585357, 0.00013799593762569716, 0.00013039313617542494, 0.00013267150392795273, 0.000130621590001209, 0.00012468933860771507, 0.00011885119436802591, 0.00013321623926003295, 0.00013349999668631424, 0.0001542974418093744, 0.00011747983359034179, 0.00017540447073109754, 0.000130686614872289, 0.0001293648876077028, 0.0001249387047306211, 0.00012602424322601772, 0.00013901621274308392, 0.00012670213276261895, 0.00013601478193352376, 0.0001437033602960702, 0.00014628512361274223, 0.00013506677830220714, 0.00011472173484806155, 0.00018661398631410412, 0.00013668638748502536, 0.00016039510243579498, 0.00011970337687061032, 0.0001380062256481961, 0.00012974658200661678, 0.00013134300338041326, 0.00013226110236227247, 0.0001292154774756824, 0.00013127173370329866, 0.000135979548544122, 0.00013671802307315819, 0.0001312774337219563, 0.00012986721685755983, 0.0001216312830667571, 0.00010988734387538769, 0.00013407478289902816, 0.00012393745880165142, 0.00011726557610896446, 0.00016540299815582244, 0.00014746510637863978, 0.00013933895496141778, 0.00011329863419101311, 0.00014738234376277011, 0.00011823072434148962, 0.00015121475842617198, 0.00013168675997210407, 0.00013819671561302654, 0.00010659731803600432, 0.00012359716113879182, 0.00014980281481345007, 0.0001565287542174688]"
Parabolic,NAIS,500,2000.0,0.00013385449901428948,0.0001315399999999369,1.2399570000524046e-05,0.00013157097774762688,0.00013648935137349234,"[0.00013098211114890798, 0.00013358601065615648, 0.00013165612781597649, 0.00011694052248084552, 0.0001311285337604924, 0.00012717315630413612, 0.00015320336092807416, 0.00012494036746025426, 0.00012821674955025453, 0.00013273383824030728, 0.0001317989647706852, 0.0001301448720369297, 0.00013131826817647265, 0.00016376386135563703, 0.00013715950244208442, 0.0001556936156831374, 0.00011738520493635811, 0.00013251324720578125, 0.0001316768291284191, 0.00015419803822210818, 0.00013608454268126548, 0.0001225044889747111, 0.0001271672157318883, 0.00013154238303291654, 0.00012058519837610974, 0.00013436999861035826, 0.00012966022832861285, 0.00012859888952482812, 0.00014436826126913577, 0.00013405442795174296, 0.00015612113727948385, 0.00013674661811825502, 0.00013406165226135844, 0.00012929152400423537, 0.0001391374491092269, 0.000156475616787268, 0.00012472379135018347, 0.00013490802400733094, 0.00013287857260062334, 0.00012454263509360233, 0.00012142283168312789, 0.00013338951774885297, 0.00011754016603308347, 9.52284544951747e-05, 0.00013182101707002902, 0.00018014567891874454, 0.00013875068609923665, 0.00012566428725967026, 0.0001121366677332839, 0.0001390413736213016, 0.0001394256543096976, 0.00013767202259837565, 0.0001391618467856726, 0.00012904095525978251, 0.0001545486766208965, 0.00014473016237799823, 0.00011468118242167796, 0.0001357847249009023, 0.00012286880459445426, 0.00013806342757819156, 0.0001290777695960625, 0.00013930689019762998, 0.00014184063469885344, 0.00013097943359493636, 0.00012885266968047234, 0.00012416137142029588, 0.0001362515864219629, 0.0001302630726385836, 0.00012759200273007598, 0.00013204098291204962, 0.0001348645644572762, 0.00012915807881530775, 0.00014219135413185582, 0.00012155209773140846, 0.00013546541943278481, 0.00014107573406035094, 0.00014250283511107914, 0.00012584798952185197, 0.0001154269449385882, 0.00012504199981251143, 0.00013758135555916822, 0.0001513311166917275, 0.00013132560734450705, 0.0001316100162870433, 0.00013080944642130513, 0.00014899717800220008, 0.00012911845351480533, 0.0001377374762451634, 0.00013122333345130506, 0.00012542085926824852, 0.00015289587950696477, 0.00014015741108151894, 0.00018073112937404018, 0.00013512793100569723, 0.00012429122402977087, 0.00012662506284549948, 0.0001382908706096832, 0.00012538880663065738, 0.00012635124936625345, 0.00012178808678314363]"
Parabolic,NAIS,700,2800.0,0.00013383560246182357,0.0001315399999999369,6.859144263120739e-06,0.0001324905754574842,0.00013517644061119272,"[0.00013241021076764283, 0.00012636161938465234, 0.00013049957929234173, 0.0001336105421514147, 0.00012221781479303435, 0.00013433333850665886, 0.00012713666250833215, 0.00012792934079578906, 0.0001424971583060504, 0.00013288248229759094, 0.00013816829367843095, 0.00013836678832313714, 0.00011972873147913897, 0.0001300289594106691, 0.0001330690162317329, 0.00013240962127263864, 0.00012696166620250961, 0.00013986866715880614, 0.00013841992729741415, 0.00013557628900626054, 0.00013841724341849435, 0.00013492794783416764, 0.00012374316196565928, 0.0001280653938134938, 0.00013010080877632642, 0.00015091351270323734, 0.0001431102798168544, 0.00012917953610941607, 0.00011760676179025468, 0.00012986960399112712, 0.00012427160556058273, 0.00013241570359924314, 0.00014985491826733095, 0.00013894358111024807, 0.00012592919218911325, 0.00013181720193013188, 0.00013614571516676525, 0.000121453261658226, 0.00013333332263932963, 0.00013413938560938925, 0.0001152966819001442, 0.00013456200463246029, 0.00013005539911204416, 0.00014311052618969528, 0.00012788877901065732, 0.00014511469345360927, 0.00013321086750723747, 0.00014572189405252203, 0.00013016592110988394, 0.00013511573474958916, 0.00013753039595358984, 0.00013953584343492692, 0.00013914638926259957, 0.0001381343091419472, 0.00015008077521610558, 0.0001335931306198979, 0.00013997724064603105, 0.00013102060627106257, 0.0001207963175620682, 0.00013797383192334779, 0.00013326498302363424, 0.0001362941023207361, 0.00013473554864461718, 0.0001292388992001465, 0.00013980698600491037, 0.00013843853582692832, 0.00014853235300039798, 0.00012480844694625034, 0.00013803780650581337, 0.00013872537642185888, 0.000130039861144071, 0.00013374688423560888, 0.00013215545691227314, 0.00013417834439702795, 0.00013496840139906428, 0.00014309781376180289, 0.00013423394650093602, 0.00013417286830311927, 0.00012891439361089338, 0.00013056923387916907, 0.0001247816445761403, 0.00014357461408967095, 0.00013332656288017115, 0.00012536331774320336, 0.00014240750223589019, 0.000131366800929011, 0.00014546775748813012, 0.00013085139391261807, 0.00013091406143830685, 0.0001345634711255422, 0.0001328151650564787, 0.00014001942113428222, 0.00013550479607510403, 0.00013351730613753287, 0.00013293643155363845, 0.00013493622289951606, 0.00013232191084212232, 0.00012613310464460652, 0.00013838266209593734, 0.00013166966872214068]"
Parabolic,NAIS,1000,4000.0,0.00013194667432812925,0.0001315399999999369,5.358939605306813e-06,0.0001308862804982616,0.0001330057681121498,"[0.0001240151189384195, 0.00012838714333060497, 0.00013027360190712836, 0.00013151705010465092, 0.00013069069823344812, 0.0001397624527012007, 0.0001400634478154622, 0.00013874233984447333, 0.00013611833085335726, 0.0001400950114513983, 0.0001421018074574992, 0.00013968306928238632, 0.000136075543467419, 0.00013580255538710637, 0.00012514973970992996, 0.00013768177936729115, 0.00013400635252742402, 0.00013044725428830594, 0.00013148949322211085, 0.00013327659650722736, 0.00012879315662444517, 0.0001258624049950607, 0.00013511244708784692, 0.00013020788206362534, 0.00012800633688540513, 0.0001319500846449897, 0.00013476721754544774, 0.00013957870931577163, 0.00014084027977706402, 0.00013656008421428957, 0.000130002180230196, 0.00014071790306073635, 0.0001343181817865312, 0.00013867273723827198, 0.00013207936131143773, 0.00012793842619137534, 0.00013020765749189187, 0.00012794355221382422, 0.00012643355162004339, 0.00012889744201326212, 0.0001489720347631905, 0.0001384611590911087, 0.00013497808217343224, 0.00013353772756365256, 0.0001281813539220113, 0.0001345940529145168, 0.00012965309703110657, 0.00013462227327130629, 0.00013597048325079316, 0.00012768828052050595, 0.00014060292105812753, 0.0001293750393914364, 0.0001272520332553724, 0.0001298342610539555, 0.0001356568407278974, 0.00012976716383151078, 0.0001294183478361353, 0.00012286152086364818, 0.00013505345291157272, 0.00013208120141221236, 0.00012409161314142815, 0.00013118300794687633, 0.00013380323870537767, 0.00013133768049944066, 0.00013267425471397848, 0.0001267883439210186, 0.00013092115741760647, 0.00013265882074502223, 0.00013975215605591386, 0.00012405435221101953, 0.00013414370890933096, 0.00013135910746508097, 0.00013324817211593084, 0.0001223377053509405, 0.00012787730074069998, 0.00012609326684164812, 0.00013272488845288355, 0.0001339418575683915, 0.00012689312681977145, 0.0001398519713420637, 0.0001239762465514371, 0.00013214953896382967, 0.00013064034692373836, 0.00012963118801591892, 0.0001318114059310197, 0.00013012173974946196, 0.00012729637811313233, 0.00013218937894544095, 0.00013212290757550236, 0.0001335802099006607, 0.0001254151847869031, 0.00012500781658385097, 0.0001132357633407654, 0.0001254633674667742, 0.0001243700649409877, 0.00013065488389033865, 0.00013425616409106623, 0.00013621061083156263, 0.0001298736859594571, 0.00013809450973480212]"
Parabolic,NAIS,2000,8000.0,0.00013259796660651586,0.0001315399999999369,4.097905847691819e-06,0.00013179950290740205,0.000133409512435163,"[0.00013502000683115396, 0.0001313737146156698, 0.0001321875543262406, 0.00013644378476539246, 0.00013495539949951737, 0.0001294556906572833, 0.00013234575793649717, 0.00013878475026288324, 0.0001281616253795244, 0.00013407245682443887, 0.00013351546605631015, 0.00013230712595274389, 0.00012676761696598315, 0.00013541836454539468, 0.00013262528933557976, 0.0001341292955003864, 0.00012774470673904316, 0.00012910234925248208, 0.00013090103391913996, 0.00013706421119877546, 0.00013031081923934893, 0.0001339267289003713, 0.0001407987896103065, 0.00013566814868477806, 0.00013237451865766178, 0.00013096274824282524, 0.0001342819213292916, 0.00013131569636465234, 0.0001314225201163323, 0.00012915900011600462, 0.00012832270066863465, 0.00013181376340848274, 0.0001303778110046267, 0.0001363123564597387, 0.00012744965436958417, 0.00012757134343138846, 0.00013430397227127898, 0.00013131018863526332, 0.00012542420435478338, 0.0001456698212376051, 0.00012749175046423362, 0.00013902473690965059, 0.00013389094649384086, 0.00012830762650732668, 0.00013544457242920343, 0.00013883101461142054, 0.00012784873916236097, 0.00012968361488419034, 0.00013205572873886679, 0.00013438342950403598, 0.00013617246141338466, 0.0001319317194561986, 0.00013384624529578435, 0.00013334695922291546, 0.0001235509238440655, 0.00011903719697255859, 0.0001329740624732813, 0.00012923633966746404, 0.00013388770700937258, 0.00013494965865249565, 0.00013993789222986654, 0.0001284158706281813, 0.00013219670003850647, 0.00013715609489439953, 0.00013446640320187688, 0.0001321003899185617, 0.00013454243098250782, 0.00013954525182621234, 0.00012958284969784683, 0.00013841298511215133, 0.00013296364851357896, 0.00012709179797978904, 0.00014102285391497235, 0.00013307188208672884, 0.00013231481226747303, 0.00014029803223232485, 0.0001306989886866463, 0.00013084617822207393, 0.00012860829938541056, 0.00013079340269591303, 0.00012783315998497868, 0.0001334694835199688, 0.00013153173908260474, 0.0001315642372456242, 0.00013315385683785423, 0.0001314259768708736, 0.00013086889941422373, 0.00013752472900252025, 0.0001319005839646848, 0.00013347243470664426, 0.00012772125188228426, 0.00013410408137655473, 0.0001272272610076155, 0.0001287225313942201, 0.00013641042706491309, 0.0001337126109564976, 0.00013142686781817108, 0.00013790114121167487, 0.00013844023820036192, 0.0001302700432142441]"
Parabolic,NAIS,5000,20000.0,0.00013237703629267233,0.0001315399999999369,9.111792057715127e-06,0.0001313074000523417,0.00013598498531459268,"[0.00013340061301108343, 0.0001330888518907857, 0.00013006713977136152, 0.0001319351426877829, 0.00013185988593098584, 0.0001321765677667744, 0.0001363367301007196, 0.00013164778593856784, 0.0001285031642373488, 0.00012605373640621874, 0.00013074749269452864, 0.00013307541708899403, 0.00013355904759792771, 0.00012593474142129767, 0.00013309368307554085, 0.0001306872019626317, 0.00012989446489565417, 0.00012766407055557163, 0.00013739492926935474, 0.00012857097365909717, 0.00013512605222947485, 0.00012746582404405112, 0.00012953400803778235, 0.000129141103110175, 0.00013624736483863777, 0.00013403896924317593, 0.00013150880302725384, 0.0001239239686379548, 0.00012518153703703255, 0.00012772186744535322, 0.00014009557112938304, 0.00013293703934691382, 0.00013215967746656822, 0.00013536028010472444, 0.00013113059983202801, 0.00013438857745758163, 0.00013250327690768495, 0.00013359038722499371, 0.00012863880701757187, 0.00013326203657079637, 0.0001290784095375633, 0.00013295422365430389, 0.00013620743240565325, 0.00012990456942598216, 0.00013056791488518223, 0.00013119850368098945, 0.00013694942950596693, 0.00013503392780621267, 0.0001347354281128927, 0.0001300845058191888, 0.00012612656359051847, 0.00012629730529938325, 0.0001307106484596152, 0.00012971884362720585, 0.00012589298986186273, 0.0001340945547042241, 0.00012939138071409444, 0.00012973149319103633, 0.0001318680233513458, 0.0002173428827102704, 0.00012971834654637172, 0.00012991412558561275, 0.00013679844054046466, 0.0001331211092119632, 0.00012661073702325995, 0.0001318399598166933, 0.00012986096166765643, 0.00013582109968136941, 0.00013087906808957272, 0.00013580357091520095, 0.00013223511013376693, 0.00012668575498691223, 0.0001403183284021257, 0.00013234091103309, 0.000128248415340627, 0.00013081159111285383, 0.0001299676188829285, 0.00013661611804267128, 0.0001337440203836306, 0.00013174859224579155, 0.00013439037595610207, 0.00013211545438779885, 0.00012754630684939445, 0.0001342954643194484, 0.00012990758655830536, 0.0001293298804469459, 0.0001311946747036869, 0.00013133817000797894, 0.00013365221578202525, 0.00013074760561219937, 0.0001317506798950994, 0.00013480135942835032, 0.00012870628436368562, 0.00012951965624896509, 0.00013183520013480073, 0.00012752085322368184, 0.00012892907527572143, 0.0001321203601625267, 0.00013364914867540034, 0.00013373297657769863]"
